,cve_ent,population/sqkm
0,1001,824.769042651526
1,1002,93.60767187766592
2,1003,65.80330818308333
3,1004,131.7770128686731
4,1005,260.4226410635086
5,1006,255.60966650554224
6,1007,155.7393319752194
7,1008,11.26265581613476
8,1009,99.02856289963489
9,1010,43.541229934998
10,1011,374.30452214659084
11,2001,26.784254940837183
12,2002,73.42706635211105
13,2003,39.254013409285186
14,2004,1641.0794101226802
15,2005,210.3498739043499
16,3001,4.574422984354939
17,3002,2.1265087985473037
18,3003,19.271424159040425
19,3008,89.01095727462496
20,3009,4.721904940576671
21,4001,30.431957332559495
22,4002,99.06217944443691
23,4003,32.30084721554504
24,4004,15.243369713704427
25,4005,27.40665434479281
26,4006,5.695755239783647
27,4007,4.523676743073248
28,4008,11.35183405391247
29,4009,13.320168630839133
30,4010,2.2746916988805173
31,4011,8.611170462938063
32,5001,1.531255469271511
33,5002,14.23550895454274
34,5003,98.57344339949779
35,5004,15.734768739269189
36,5005,0.9249499366506345
37,5006,9.218080575864608
38,5019,14.81166231378999
39,5020,9.160116659093838
40,5007,1.381007079621219
41,5008,3.2931844004023065
42,5009,23.144425925675232
43,5021,10.048647438960675
44,5010,193.66592118495674
45,5011,5.162307333461975
46,5012,0.6741256110512595
47,5029,9.10077421780846
48,5030,156.26327104049665
49,5031,4.028422033487677
50,5032,59.242264658372676
51,5033,16.577102367357956
52,5013,1.679934566776309
53,5014,5.003946827341336
54,5015,0.7045717076383512
55,5016,2.9669467495664765
56,5017,149.68851171698674
57,5018,202.34414349405267
58,5022,36.58150505088881
59,5023,0.44897720771796057
60,5024,4.629683723131992
61,5025,374.5536621594518
62,5026,1.2739232034644974
63,5027,15.428010108596334
64,5028,35.34504647481364
65,5034,0.9830396510852558
66,5035,586.0931355714375
67,5036,5.457256568809419
68,5037,3.715439567516797
69,5038,1.7933422042835445
70,6001,79.54317945521711
71,6002,227.9408499024949
72,6003,76.4767797904981
73,6004,42.284245307222534
74,6005,80.07846335240671
75,6006,16.207364812759305
76,6007,150.64021327261503
77,6008,23.44009425681587
78,6009,144.17068268223068
79,6010,527.2745984677804
80,7001,79.35297571377102
81,7002,112.83986927693898
82,7003,54.96630666448161
83,7004,37.5522565468265
84,7005,69.08772569344437
85,7006,132.46120480842615
86,7007,70.59972239050681
87,7008,52.85811037115384
88,7009,54.52838628482674
89,7010,104.85624844659858
90,7068,57.900634486509574
91,7069,32.8638493046532
92,7011,102.26812018834164
93,7012,161.4752151943919
94,7013,104.13835060315293
95,7014,152.87912535861165
96,7015,286.6286830800291
97,7016,30.21090030653432
98,7017,38.20342073008082
99,7018,64.64661236615879
100,7019,173.53474061848974
101,7020,19.527498735966027
102,7021,69.263526752304
103,7022,97.05723751296878
104,7023,275.99960331452246
105,7024,32.66972787140281
106,7025,45.433761708741486
107,7026,172.53809827251794
108,7027,140.47673698230764
109,7028,124.16763244759386
110,7029,48.50554984878932
111,7030,38.00771872874818
112,7031,83.50050491707887
113,7032,82.31801282040846
114,7033,39.37181018309129
115,7034,104.95056051907638
116,7035,165.37077801621191
117,7036,160.54151069181287
118,7037,124.60317094563415
119,7038,82.17239266830943
120,7039,74.12856138577915
121,7040,147.93160086673936
122,7041,95.96337463093536
123,7042,130.42955226297707
124,7043,94.00054428442841
125,7044,106.42497314029113
126,7045,55.82872757728655
127,7046,33.14153884239473
128,7047,95.99993856896758
129,7048,31.6957598073331
130,7049,172.515556035729
131,7050,11.883374900988027
132,7051,42.173849857862535
133,7052,44.49529741805363
134,7070,185.90450097056927
135,7053,76.84340509680924
136,7054,82.31394949129314
137,7071,70.06008220744583
138,7072,197.59252266710433
139,7055,268.8905298332999
140,7056,362.7889804313023
141,7057,135.19677336542964
142,7058,159.38914164385946
143,7059,24.90430410756964
144,7060,225.04224916155414
145,7061,48.015636392480474
146,7062,33.385392082358294
147,7063,44.428361033396065
148,7064,123.87445536330308
149,7065,45.52085072057506
150,7066,125.0003493190994
151,7067,126.37529060543848
152,7073,162.47851262153137
153,7074,113.91843455983812
154,7075,130.90114691828916
155,7076,117.33734099611006
156,7077,55.75330462853134
157,7078,585.0667547486089
158,7079,119.1642311170513
159,7080,101.97399705352103
160,7081,152.83521474298666
161,7082,147.02875395608947
162,7083,31.6855581391741
163,7084,56.34562912217374
164,7085,122.01419165913194
165,7086,93.05378379548581
166,7087,176.47704498929997
167,7088,33.20214925603448
168,7089,387.7511521831566
169,7090,65.68235667490836
170,7091,379.0225082078336
171,7092,87.01558507418424
172,7093,247.32620028546935
173,7094,165.9415280573746
174,7096,106.66876279780611
175,7097,52.49518404526264
176,7098,46.66199417477991
177,7099,52.9279133864701
178,7100,92.87489454309895
179,7101,1972.8584996754928
180,7102,273.6374225218098
181,7103,198.0897878020123
182,7104,46.85076215525539
183,7105,267.66297625267265
184,7106,51.957660519774365
185,7107,35.73318530765706
186,7108,60.633403320478976
187,7109,198.8234840999979
188,7110,83.68472093388726
189,7111,229.64770608484105
190,7112,218.0419639208975
191,7113,266.190421729161
192,7114,19.67084732999439
193,7115,25.20773526198194
194,7116,13.379201780583733
195,7117,41.96109299386534
196,7118,152.27043270083468
197,7119,239.89147209795806
198,8001,0.7630495588748153
199,8002,2.8467375753094863
200,8003,4.462909302336387
201,8004,38.576191426883966
202,8005,2.0374280757661394
203,8006,7.082930280226612
204,8007,3.344912333357718
205,8008,6.0993124130766345
206,8009,11.084767532894343
207,8010,3.152934105023621
208,8011,4.038410286656059
209,8012,3.9128895572903213
210,8013,3.224899061602679
211,8014,1.260803667901279
212,8015,0.15596714206552087
213,8016,4.0338309499777445
214,8017,50.450823604334985
215,8018,3.183547453600392
216,8019,113.46018819357258
217,8020,4.3190184870079475
218,8021,301.93764920318216
219,8022,2.6943116567148238
220,8023,4.06890899368915
221,8024,6.437178860390506
222,8025,11.255498843998868
223,8026,5.764279899501263
224,8027,7.210380998527254
225,8028,0.8426825706456139
226,8029,6.152090162602269
227,8030,4.749684382265213
228,8031,7.429258781540217
229,8032,61.577180723128514
230,8033,1.2635399545438493
231,8034,2.615226778386132
232,8035,1.5798548250893447
233,8036,4.2737762007681726
234,8037,409.46449713242407
235,8038,1.1964545931072212
236,8039,3.2452873378869893
237,8040,3.542778983001775
238,8041,1.7290514303398619
239,8042,0.3114419413059541
240,8043,4.557735300314215
241,8044,4.13258744911967
242,8045,112.84072728565754
243,8046,3.8372959429447464
244,8047,3.068170939201997
245,8048,5.270589857127865
246,8049,1.4238447749267777
247,8050,25.762634861715547
248,8051,4.468601479170882
249,8052,4.415767377862042
250,8053,13.760442608385915
251,8054,3.671867465763958
252,8055,9.586873322852918
253,8056,1.8740243063663655
254,8057,1.862413203263996
255,8058,3.240338577833194
256,8059,11.551061554564576
257,8060,33.74721839142963
258,8061,0.9558067455152349
259,8062,11.255988362867198
260,8063,1.6421399525364826
261,8064,3.924160939765304
262,8065,6.786845895459115
263,8066,2.506508871489098
264,8067,1.9246406585262712
265,9002,12256.996012102458
266,9003,11598.753401377031
267,9004,2823.6821897655605
268,9005,13469.785013954692
269,9006,17150.402469931236
270,9007,16134.206308843524
271,9008,3886.609672773559
272,9009,469.69141194425634
273,9010,7923.136073393833
274,9011,4293.416546997908
275,9012,2180.6877768466425
276,9013,3683.208428447815
277,9014,16336.180396349626
278,9015,16966.192865738598
279,9016,8225.094744214355
280,9017,12868.483394254286
281,10001,10.057566563146812
282,10002,5.451136954153413
283,10003,4.371340042125742
284,10004,7.080184272629258
285,10005,75.73101547577123
286,10006,4.990501845835968
287,10007,443.110536152593
288,10008,29.001534433318927
289,10009,1.9337949256837708
290,10010,0.8961051677101051
291,10011,2.172862077479911
292,10012,77.4703122470377
293,10013,3.6936522085522374
294,10014,4.90051032937447
295,10015,5.871079925504184
296,10016,17.80109907288483
297,10017,2.859253583348744
298,10018,3.512884052328243
299,10019,3.258215221695484
300,10020,12.712282485701062
301,10021,6.925165195173905
302,10022,24.150674445700048
303,10023,7.69040871775765
304,10024,10.156233283977123
305,10025,1.5124661197669642
306,10026,3.7240665595874973
307,10027,2.4815461457753805
308,10028,9.61077419258823
309,10033,4.658616142831564
310,10034,4.766854932631505
311,10035,1.921001440516884
312,10029,3.770902859342417
313,10030,0.9164165387588682
314,10031,7.702731227865762
315,10032,8.067278589614757
316,10036,5.306110750153054
317,10037,6.112106797600182
318,10038,63.65682282551024
319,10039,15.750287677851349
320,11001,156.61668525746217
321,11002,136.52281217091115
322,11003,118.84386664904359
323,11004,194.6913369996117
324,11005,237.52643159400577
325,11006,17.86609671654216
326,11007,967.6949144594765
327,11008,49.95484116232937
328,11009,179.96346699959045
329,11010,105.78906277453983
330,11011,304.68286315299997
331,11012,116.05017750612829
332,11013,111.96459929958624
333,11014,97.99646272242494
334,11015,197.0413743607801
335,11016,178.7244813937742
336,11017,723.6964988515252
337,11018,236.5024286441842
338,11019,58.56989130721535
339,11020,1387.6129428936251
340,11021,342.8981574181938
341,11022,24.360786220365977
342,11023,103.29208144327048
343,11024,212.50330560946134
344,11025,298.5288173249532
345,11026,143.29241793305167
346,11027,391.41915482520903
347,11028,181.8130461979977
348,11029,41.4463217876968
349,11030,39.76444982331012
350,11031,298.61289334376863
351,11032,153.8209866762075
352,11033,63.456800524525846
353,11034,28.95124719044898
354,11035,208.34024646855062
355,11036,88.28507561710548
356,11037,376.6219724711928
357,11038,108.21874316687587
358,11039,110.280820785647
359,11040,49.88470232187981
360,11041,581.7964578483219
361,11042,188.26631203251364
362,11043,20.74364697506957
363,11044,493.73173075919823
364,11045,13.609313595604414
365,11046,111.8167790016855
366,12001,485.6087603925457
367,12002,31.435514982968055
368,12003,19.52959995153078
369,12004,42.78046867471705
370,12005,74.16823883440729
371,12006,18.73185505302955
372,12007,43.270963486056154
373,12008,16.01023284573155
374,12009,36.03379179530878
375,12010,49.06542331782582
376,12011,43.14600782807897
377,12012,66.6499064221636
378,12013,33.143194088327576
379,12014,69.15711776435765
380,12015,45.33467439836931
381,12016,4.799124218362077
382,12017,31.593617426844386
383,12018,49.19869136980575
384,12019,20.643504333409187
385,12020,67.7503349139456
386,12021,43.53202993851945
387,12022,12.059065121864515
388,12023,44.02387351802156
389,12052,40.838845250505
390,12053,43.86144757724589
391,12054,11.945712397463184
392,12055,173.56964349884888
393,12056,68.09753961352864
394,12057,23.53170870616133
395,12058,58.739917738494015
396,12059,38.669731380424835
397,12060,68.6210719235638
398,12061,114.49018312267584
399,12062,30.10764983118465
400,12063,37.181350533356785
401,12064,27.011026695951152
402,12066,153.67809122371958
403,12067,79.96499807185707
404,12068,15.348080163762871
405,12069,54.06085255696441
406,12070,28.318077301823333
407,12071,66.52376134888503
408,12072,55.08483981622729
409,12073,8.52245834366161
410,12074,78.41881403071619
411,12075,42.40841205134496
412,12076,61.340851268375985
413,12024,32.663637828925054
414,12025,52.61329233933919
415,12026,24.04720441050943
416,12027,15.31929255827754
417,12028,177.81256346668258
418,12029,130.33644233264644
419,12030,75.46355680283173
420,12031,22.897176947590665
421,12032,21.932051331527155
422,12033,57.398964318658074
423,12034,29.219152777451846
424,12035,277.91217966056126
425,12036,59.35438405148624
426,12037,30.51198153091928
427,12038,89.20671047820477
428,12039,62.88543461038223
429,12040,37.28255687170575
430,12041,59.4796062917485
431,12042,31.411330060516903
432,12043,32.651733284505326
433,12044,25.728797961299797
434,12045,37.35730328449256
435,12046,115.53602500093632
436,12047,24.039616506163753
437,12048,23.03033949586799
438,12049,82.09123663388067
439,12050,308.0848006612584
440,12051,43.70876544558615
441,12065,64.9459992918739
442,12077,67.48743681897312
443,12078,30.255894082034196
444,12079,135.6393545119618
445,12080,31.115335847501235
446,12081,47.937281809115696
447,13001,92.24658275145053
448,13002,195.0077280061658
449,13003,227.33474992844748
450,13004,81.5016105328077
451,13005,83.80914033970353
452,13006,51.33404467768832
453,13007,48.552176057372954
454,13008,150.05418911649565
455,13009,147.91716983034758
456,13010,519.7905579311691
457,13011,153.22980216754047
458,13012,64.77848356189648
459,13013,337.8913508503882
460,13014,89.31153880188816
461,13015,33.722617983082664
462,13016,160.46816681918048
463,13017,53.074007631809884
464,13018,110.92758419037922
465,13019,88.82285844724936
466,13020,12.513829959424926
467,13021,129.29091859841708
468,13022,113.59705427140113
469,13023,399.62076968916705
470,13024,63.47375381306253
471,13025,80.06337651555859
472,13026,140.93439290731428
473,13027,128.72586599302775
474,13028,357.74788041750963
475,13029,75.95631425139639
476,13030,206.6510836525963
477,13031,33.12535947378514
478,13032,336.70017131566163
479,13033,31.066284271320153
480,13034,58.3934317718333
481,13035,86.13061341398847
482,13036,42.39667603957318
483,13037,28.080855754814287
484,13038,50.685587055827746
485,13039,296.75074215389105
486,13040,47.31617511256954
487,13041,370.3113523866049
488,13042,63.69299072607667
489,13043,29.867793104207777
490,13044,53.50115978336599
491,13045,133.37422973196914
492,13046,130.07036905855512
493,13047,14.017322607865514
494,13048,1833.293560512792
495,13049,101.05056294242219
496,13050,281.094239708529
497,13051,1664.0373600814207
498,13052,132.7292309356665
499,13053,56.32981832921686
500,13054,186.12771427070805
501,13055,72.33165287180428
502,13056,628.2160527035264
503,13057,41.64893528986697
504,13058,73.96376057686196
505,13059,77.80300928408376
506,13060,112.10133526674002
507,13061,243.60550282700623
508,13062,95.34591610811196
509,13063,266.82568471184396
510,13064,80.36096168554218
511,13083,159.10417039388162
512,13084,49.22958351322281
513,13065,280.9878898036691
514,13066,149.21443769375074
515,13067,351.6080719474192
516,13068,60.91122654270007
517,13069,1798.0309129471186
518,13070,662.8724472866785
519,13071,20.74728561338597
520,13072,135.5540445783404
521,13073,108.53349698318549
522,13074,794.0793367937872
523,13075,138.37170092851483
524,13076,356.10858068079636
525,13077,785.9860567913938
526,13078,158.19065552870447
527,13079,47.27919153974974
528,13080,170.79651690732751
529,13081,139.1517089714136
530,13082,195.21653022173012
531,14001,68.49167549099613
532,14002,151.39981579031223
533,14003,91.27322545536269
534,14004,47.123008899433515
535,14005,96.1640527669247
536,14006,78.07573860976282
537,14007,51.60362860932069
538,14008,85.42266028331846
539,14009,189.72229606589397
540,14010,20.24335335170207
541,14011,13.544749126954379
542,14012,7.031250366569976
543,14013,127.77769351761458
544,14014,19.452669497949486
545,14015,93.5826927109516
546,14016,95.18609226362389
547,14017,15.255623581531404
548,14018,168.54372475902358
549,14019,9.551311491280007
550,14020,7.2485059774385325
551,14021,44.72032096451832
552,14022,88.4632826511966
553,14023,419.3470521653852
554,14024,86.92732373988916
555,14025,30.074608880424037
556,14026,24.87537009074019
557,14027,13.838629318285212
558,14028,5.560611252333805
559,14029,30.398546374831533
560,14030,87.69604517604235
561,14031,5.522609241550899
562,14032,21.916214604363834
563,14033,53.97461692496995
564,14034,6.962620068093302
565,14035,46.12641192343094
566,14036,63.233675504221615
567,14037,149.47242394149006
568,14038,5.460585848930059
569,14039,10043.803226355181
570,14040,14.659446503588791
571,14041,20.250293228678597
572,14042,12.410056952634879
573,14043,13.034001788000586
574,14044,300.37581464962017
575,14045,24.72088959665495
576,14046,69.91104671176315
577,14047,164.09992057075365
578,14048,30.91916930267868
579,14049,6.913416011778542
580,14050,153.56345382676108
581,14051,140.200417922063
582,14052,24.66558617940018
583,14053,70.55233704232026
584,14054,51.96643325050434
585,14055,82.98826012929305
586,14056,2.881836905241115
587,14057,30.316136848602294
588,14058,8.553355919005835
589,14059,52.142230737899396
590,14060,19.23820666898663
591,14061,6.233737255423429
592,14062,6.027060752039318
593,14063,440.44806522916906
594,14064,29.76763333047565
595,14065,13.810787810464571
596,14066,66.6155987280174
597,14067,443.5238446053014
598,14068,6.352915478602522
599,14069,13.13379376304056
600,14070,2175.795260343837
601,14071,6.087653233675595
602,14072,22.088169371316628
603,14073,88.35142616594331
604,14074,65.48148886850967
605,14075,13.385528467492309
606,14076,4.769193609968143
607,14077,86.69836835380534
608,14078,44.977838960300005
609,14079,43.732880129625485
610,14080,5.378426644747303
611,14081,13.19884764160013
612,14082,183.6105234417972
613,14083,191.16733742754576
614,14084,8.094162989649357
615,14085,30.356025114388526
616,14086,33.569010543218184
617,14087,13.694474125463683
618,14088,24.342464049807468
619,14089,50.77636615282607
620,14090,26.83876865776548
621,14091,47.79228177924058
622,14092,33.64111100709077
623,14093,108.88389450147658
624,14094,26.698323155860226
625,14095,47.53468219544514
626,14096,117.10984795041583
627,14097,967.2218495301637
628,14098,6118.5875144019155
629,14099,21.44483299458916
630,14100,12.665233553336142
631,14101,3687.8322669211348
632,14102,22.007766116421514
633,14103,58.10189170521143
634,14104,8.072657111795813
635,14105,73.9524543573817
636,14106,10.832971335222023
637,14107,50.83456889798483
638,14108,51.62076409281748
639,14109,26.630100258189106
640,14110,32.83640898685048
641,14111,21.447274260728488
642,14112,30.436221027643114
643,14113,23.44065544940026
644,14114,60.577068769946365
645,14115,8.825898529281385
646,14116,48.59543681023522
647,14117,16.48833335378926
648,14118,42.9192689684052
649,14119,64.91187399731176
650,14120,1247.830567028842
651,14121,124.93262224244262
652,14122,24.60811010224386
653,14123,48.76792516252
654,14124,101.6302281605202
655,14125,89.4405260651663
656,15001,147.22389090750522
657,15002,2156.9057485816643
658,15003,115.94747529994213
659,15004,91.90635829919184
660,15005,394.52231458671963
661,15006,1335.7688215236428
662,15007,116.93386261298662
663,15008,44.83165486841079
664,15009,310.7701175639437
665,15010,420.3190575455141
666,15011,804.1341758153436
667,15012,1473.3222718874695
668,15013,6036.932415483245
669,15014,418.7811085617842
670,15015,195.77088639099722
671,15016,105.54423737196758
672,15017,219.788108368106
673,15018,588.818281788019
674,15019,1779.6397729690486
675,15020,8926.831589508449
676,15021,144.89265774305102
677,15022,1046.7218648095356
678,15023,1114.715756792399
679,15024,4310.733641237549
680,15025,1773.928944805082
681,15026,104.4880589060198
682,15027,1128.7593913671071
683,15028,1595.0231296901231
684,15029,5527.815366622712
685,15030,4057.1567174183483
686,15031,13213.818654023915
687,15032,189.75494980315295
688,15033,11001.374263839187
689,15034,190.65452241291604
690,15035,1238.4751845487233
691,15036,200.71748162500919
692,15037,2067.3611355528765
693,15038,157.90488885395456
694,15039,1710.1808262490551
695,15040,334.025794498917
696,15041,73.71688721530374
697,15042,489.6944492267428
698,15043,298.32806420429864
699,15044,6262.95330867328
700,15045,168.1579815079007
701,15046,178.9392828300988
702,15047,289.67184533784473
703,15048,255.41696728750907
704,15049,320.9535380893137
705,15050,206.62883027262924
706,15051,696.8997104724695
707,15052,141.20144494426447
708,15069,1389.8000908688653
709,15070,8402.21735786802
710,15071,119.82891662930838
711,15072,638.7377206094237
712,15073,1258.7755511564758
713,15074,380.01277971436434
714,15075,419.44046642194843
715,15053,4393.02119034142
716,15054,3662.876714041545
717,15091,2252.232380007938
718,15092,737.8365687504885
719,15093,186.1959837153655
720,15094,492.4771215194681
721,15095,507.046240522351
722,15096,326.0722126808795
723,15097,139.1563995720868
724,15055,1179.0179421297537
725,15056,135.91180557103792
726,15057,5798.676442940328
727,15058,18057.11702024682
728,15059,803.0198080772468
729,15060,1908.7843345861781
730,15061,118.83840444808762
731,15062,519.8123896132762
732,15063,95.38124889242846
733,15064,270.64716069856723
734,15065,270.80651163656347
735,15066,27.703816353896265
736,15067,797.5206752649291
737,15068,660.6879008731421
738,15102,101.56942606794276
739,15103,322.41503862108164
740,15104,9473.219778658726
741,15105,47.75621933597569
742,15106,2235.6288433937975
743,15107,151.02361566178428
744,15108,6051.015508714702
745,15109,8480.488950809673
746,15110,176.1318419664806
747,15111,178.2102329057352
748,15112,167.9640454712552
749,15113,318.6439855477156
750,15114,261.56748068325544
751,15115,1025.0847968744067
752,15116,65.67909964808652
753,15117,55.262228294668084
754,15118,654.2907110261294
755,15119,89.13709373106076
756,15120,977.5978402084296
757,15121,5277.062909683696
758,15076,3876.5772472933554
759,15077,50.367979682625936
760,15078,95.81434319458629
761,15079,98.53169946892518
762,15080,50.00601912955072
763,15081,3211.9761293770275
764,15082,119.90490450565339
765,15122,9043.124381551916
766,15123,42.56602063921364
767,15124,208.10968673921874
768,15083,470.68219641301937
769,15084,254.94562676148433
770,15085,190.2638313814936
771,15086,60.738783775699524
772,15087,590.8114168103347
773,15088,642.5714189611793
774,15089,353.36285975775763
775,15090,438.2876040129956
776,15098,232.10691379655196
777,15099,615.6726266913067
778,15100,2872.891639327463
779,15101,628.9643028526546
780,15125,1220.6847108904715
781,16001,68.57104635368587
782,16002,11.0031460104071
783,16003,144.58026640312858
784,16004,66.45904526505946
785,16005,154.12390969149
786,16006,82.03953708835732
787,16007,59.1287903303228
788,16008,11.581549271930248
789,16009,55.892797641585226
790,16010,6.66349759756658
791,16011,178.02586315521185
792,16012,53.89547071250308
793,16013,10.562637419950416
794,16014,41.57850357020598
795,16015,6.552874059348166
796,16016,55.58394956254597
797,16017,95.36694611822513
798,16018,55.13335048344182
799,16019,39.215630094211505
800,16020,124.04493154041074
801,16021,55.99925577794669
802,16022,72.50639137036434
803,16031,41.665432987148
804,16032,66.42727595980624
805,16033,65.3679124134918
806,16034,113.63193985739669
807,16035,18.307697518981023
808,16036,130.73462086412724
809,16037,42.23745419179434
810,16038,20.795484560672715
811,16039,117.64439997029612
812,16040,100.37205914871318
813,16041,126.48941171546267
814,16042,109.9551022085745
815,16043,616.5049114464742
816,16044,69.12321851291341
817,16045,143.7824455937158
818,16046,109.04196420909184
819,16047,84.7095093851828
820,16048,81.16890912803545
821,16049,18.511168899420735
822,16050,133.75084216263446
823,16051,62.747718499225364
824,16052,167.38677936642335
825,16053,696.8056449904782
826,16056,98.95207837243873
827,16057,15.661072306686231
828,16058,89.21706473180636
829,16059,25.798284935161995
830,16060,134.8300305666056
831,16061,179.78802248596978
832,16062,120.26960662886837
833,16063,57.57799469948792
834,16064,55.88171693891203
835,16065,162.15435820048103
836,16066,225.09262124924663
837,16067,48.17064612419428
838,16068,89.06685618079499
839,16069,390.69155252044385
840,16070,84.16324182264532
841,16071,98.60951433573632
842,16072,61.526163385356135
843,16073,137.3644252679499
844,16074,84.02781664717425
845,16075,153.17880118665738
846,16076,639.7833881511581
847,16077,40.61126020062698
848,16078,126.9936170195901
849,16079,106.48220701005589
850,16080,80.35057680220514
851,16081,34.36755967007369
852,16082,103.6383769091077
853,16083,46.048694587964235
854,16084,98.5879233535929
855,16085,92.2984151307021
856,16086,71.9563593510828
857,16023,71.43809688446005
858,16024,90.60788248052786
859,16025,135.95736549582796
860,16026,4.927719328661294
861,16027,23.914333838178617
862,16028,23.471375588018752
863,16029,14.393807729005305
864,16030,43.61741974669244
865,16054,43.19842971629417
866,16055,127.35833021211762
867,16087,84.01983090989417
868,16088,468.684158005593
869,16089,31.36594694561634
870,16090,84.18374692647701
871,16091,89.37045751423702
872,16092,9.477969716673828
873,16093,154.83459459207535
874,16094,32.89023510129265
875,16095,25.044083510024777
876,16096,3.4016102310465266
877,16097,21.173586294750567
878,16098,117.68604296778713
879,16099,15.763974229688193
880,16100,82.61976402650801
881,16101,9.644952991896437
882,16102,352.26609126914354
883,16103,115.40127223409011
884,16104,50.21880787672646
885,16105,147.99975203461915
886,16106,191.48882127379252
887,16107,176.7188888810498
888,16108,625.2744424126054
889,16109,29.7600250329924
890,16110,83.51695399800377
891,16111,114.75488427150087
892,16112,337.55263438796777
893,16113,126.16442900478322
894,17001,161.4500607134044
895,17002,305.6878007263808
896,17003,271.1102258040121
897,17004,248.14321957516057
898,17005,126.15044144204413
899,17006,1715.6898800695553
900,17007,2009.1830919853892
901,17008,1568.940183590833
902,17009,108.25219522250687
903,17010,180.23222414761253
904,17011,4088.4826704931256
905,17012,413.2869870068423
906,17013,185.9369293154432
907,17014,185.33454984968031
908,17015,174.53854985831956
909,17016,228.42333249204145
910,17017,299.99601646665076
911,17018,1210.0740565395004
912,17019,78.59314844872782
913,17020,212.93476295167838
914,17021,123.49079071205283
915,17022,278.89239519093934
916,17023,71.86301301508469
917,17024,233.87568743442924
918,17025,66.67295282192147
919,17026,335.94381238126465
920,17027,214.4610931282466
921,17028,804.4446581031737
922,17029,614.6877671758306
923,17030,326.6456957962716
924,17031,1277.599211525201
925,17032,190.2094928409266
926,17033,459.01621963084875
927,18001,28.622458673682424
928,18002,34.434115831533184
929,18003,24.78626076205118
930,18004,43.961270790586305
931,18005,6.117009986525608
932,18006,65.02444589643818
933,18007,40.11354970919702
934,18008,116.77477442338693
935,18009,8.903549255758513
936,18010,20.36099577140316
937,18011,52.25532257756804
938,18012,43.92386049488763
939,18013,16.1092029753862
940,18014,23.596309063221636
941,18015,61.96266713530089
942,18016,41.632166850572624
943,18017,280.96345218677163
944,18018,107.3469264933371
945,18019,3.49983194538173
946,18020,228.22222793026498
947,19001,62.820321783164914
948,19002,2.672595018156677
949,19003,2.187918607404465
950,19004,203.10344302557965
951,19005,4.429463651748319
952,19006,2999.850372218518
953,19020,3.2747591487722225
954,19021,3151.4394726847104
955,19022,6.634901380039139
956,19023,3.1049705988201732
957,19024,5.109384960374857
958,19025,502.804341939192
959,19026,6056.595639313649
960,19027,4.061013721342475
961,19028,3.8980736528058904
962,19007,6.692243928675624
963,19008,9.470050282578661
964,19009,93.06454370431484
965,19010,458.08727107932435
966,19011,8.337280569898532
967,19012,367.79739862223676
968,19013,2.8317866486105534
969,19014,7.573287909746022
970,19015,2.58340053913885
971,19016,5.408763041197526
972,19017,6.431858356011204
973,19018,294.15829218101595
974,19019,1962.9146932588794
975,19029,61.24696133383085
976,19030,7.174292206594678
977,19031,1620.331318406419
978,19032,1.6990859041325022
979,19033,35.71510913224806
980,19034,23.62252003820452
981,19035,5.198814399376006
982,19036,7.700520138421389
983,19037,1.5370527348801872
984,19038,36.5705815643938
985,19039,3500.7368697209695
986,19040,0.9321858686527565
987,19041,352.0823048923283
988,19042,3.915884145099267
989,19043,4.417852794756518
990,19044,25.569870871362223
991,19045,37.43464040901168
992,19046,7959.4167055854095
993,19047,94.07173434193483
994,19048,355.07949998373607
995,19049,64.15082062392693
996,19050,1.10913327661791
997,19051,5.237053328923218
998,20001,8.174671257367965
999,20002,63.30316329979958
1000,20380,150.84095489593847
1001,20003,28.465220117687817
1002,20004,12.311665427902597
1003,20005,23.950919624955876
1004,20006,57.22250414829526
1005,20007,550.8462107160808
1006,20008,4.2115764274664
1007,20009,47.3416547083127
1008,20010,58.93124869167159
1009,20011,17.688464068633362
1010,20012,59.441577304971446
1011,20014,102.92531296880564
1012,20015,39.54315752228411
1013,20016,82.17252939691262
1014,20013,300.84959490215135
1015,20021,145.44600613312141
1016,20017,32.512258135038834
1017,20018,3.6839612665142187
1018,20096,34.41121515900713
1019,20019,17.75060657163
1020,20020,71.3760591364583
1021,20022,7.0897387842209465
1022,20023,456.21779938397754
1023,20097,36.55070036849595
1024,20098,31.592690694316378
1025,20024,48.15823971795393
1026,20025,528.2384168425767
1027,20026,70.56115187948723
1028,20027,67.30796009769408
1029,20028,68.7764473575932
1030,20030,162.04238165379613
1031,20031,68.44217796646483
1032,20099,36.48167123243913
1033,20029,124.34132516675629
1034,20032,17.325452857695264
1035,20049,116.65670248334362
1036,20033,658.0740881402256
1037,20050,42.79359719562982
1038,20034,43.021758531301714
1039,20035,126.37191886599912
1040,20036,19.456398917641007
1041,20051,121.24427540421125
1042,20052,7.532711892618937
1043,20037,26.00713560513216
1044,20106,16.33834439274646
1045,20038,34.224420226760344
1046,20039,249.74744390949627
1047,20040,137.44213756218608
1048,20041,219.85027794329264
1049,20042,15.154173401168213
1050,20043,112.78852867899968
1051,20044,91.92401944832137
1052,20045,344.50379835180246
1053,20046,14.096672843771378
1054,20047,3.5531452125112146
1055,20053,10.42720186738716
1056,20054,17.188836560602923
1057,20055,25.562672217593633
1058,20508,22.07756313080302
1059,20048,34.07252914477919
1060,20509,108.7212435210374
1061,20056,25.925694981535813
1062,20057,29.981299607673225
1063,20058,74.32058769162107
1064,20059,97.2902414510793
1065,20062,282.7370505111374
1066,20060,40.02028873814277
1067,20061,126.34221113823669
1068,20070,106.43721087342891
1069,20063,987.1481489458987
1070,20064,15.272973370687128
1071,20069,101.74167139975535
1072,20071,28.835475217161395
1073,20065,16.325024094325084
1074,20066,10.136996568563928
1075,20067,2884.706111994126
1076,20068,191.40107538238857
1077,20072,65.0021093608977
1078,20073,84.81801434785534
1079,20074,14.344068429476682
1080,20075,86.42027977038993
1081,20076,17.756099807418646
1082,20521,9.463913792683615
1083,20077,341.08159777445826
1084,20078,92.94295452590575
1085,20081,18.66523859785926
1086,20079,698.1490170807682
1087,20561,48.77668802124942
1088,20080,26.43240507304851
1089,20084,77.50051349856408
1090,20085,76.0336135245878
1091,20082,27.020960785198067
1092,20086,19.044434648833658
1093,20562,40.9975362583377
1094,20083,389.87050571471036
1095,20568,34.13007529446351
1096,20087,719.5419831285927
1097,20088,10.972048229527665
1098,20089,22.16402349611205
1099,20090,72.48715125620441
1100,20091,204.78720398805677
1101,20092,57.73120064871106
1102,20093,10.098983082203663
1103,20094,28.314101501792976
1104,20095,78.4650977598522
1105,20100,11.275277013893493
1106,20101,103.74592304028177
1107,20112,28.23579298638801
1108,20113,25.259610099297912
1109,20102,69.650219158053
1110,20131,35.72715533991941
1111,20103,556.6544065720258
1112,20104,26.414938746274206
1113,20105,67.97114335857923
1114,20107,2323.2162154958723
1115,20108,23.789820022094585
1116,20109,16.603351500555984
1117,20110,55.71464528824791
1118,20111,64.01719132841647
1119,20114,22.33390125638928
1120,20115,324.0677471048867
1121,20116,81.33090532096672
1122,20117,15.418752728354315
1123,20118,106.1570308711213
1124,20119,4.5464450046088
1125,20120,36.11679885649223
1126,20121,8.998430863514406
1127,20122,7.229701032110294
1128,20123,25.60252365094316
1129,20124,90.46282140136685
1130,20125,5.427735957336101
1131,20199,12.307948860292898
1132,20126,39.434723761881095
1133,20127,36.04636156848452
1134,20204,6.3081338711056105
1135,20205,25.32657173898867
1136,20128,77.12666208564714
1137,20129,7.068947771595381
1138,20130,15.0624651133873
1139,20132,118.70452085501665
1140,20133,35.59606785303363
1141,20134,216.4637431708936
1142,20135,82.24572810793927
1143,20136,26.91086933965168
1144,20137,12.486699279157415
1145,20138,9.974031527483177
1146,20139,34.31417290265249
1147,20142,78.01846668614247
1148,20143,43.525006777824316
1149,20140,37.23674926475367
1150,20141,11.872234987761761
1151,20144,21.576640556564026
1152,20145,396.1813019191801
1153,20152,23.654184216764115
1154,20153,28.34533617970122
1155,20154,41.94007668140246
1156,20155,25.915309783290162
1157,20156,37.63549493715863
1158,20146,73.80781195612919
1159,20147,17.111269371341038
1160,20148,39.661538614386565
1161,20149,16.501281282695615
1162,20150,69.84016006107039
1163,20151,4.004463791765579
1164,20157,4394.531805372828
1165,20160,24.188009978434373
1166,20161,12.208345258698134
1167,20158,35.40020659612757
1168,20159,9.375319590945606
1169,20162,27.445249734450655
1170,20163,93.84991050151875
1171,20164,52.7102876823698
1172,20172,11.702509783340943
1173,20165,73.18040048657564
1174,20166,65.18897977242253
1175,20167,77.00272958897196
1176,20168,16.50469166888009
1177,20169,71.11083550102647
1178,20170,46.53606814838709
1179,20171,73.65852755217684
1180,20173,11.473512248390724
1181,20174,1390.2362075508129
1182,20175,3.91996612435009
1183,20187,32.97561083966891
1184,20176,9.645675037845502
1185,20177,20.849600287141573
1186,20188,82.98711087705496
1187,20178,150.72294993648873
1188,20179,13.545628158843982
1189,20180,36.64382110643876
1190,20191,16.86435891068185
1191,20181,4.917897051546717
1192,20196,26.20789484417008
1193,20182,44.89964004955161
1194,20197,106.9822448934224
1195,20198,38.60064767698696
1196,20183,16.24477489359705
1197,20184,194.86398729743198
1198,20185,45.576766474513256
1199,20186,6.6537883767361
1200,20189,29.76783410438227
1201,20190,17.723558224299698
1202,20192,303.72180388518177
1203,20193,20.955374332097325
1204,20480,13.240574656686313
1205,20194,18.43141292592492
1206,20195,31.804739678978798
1207,20200,12.542988603591324
1208,20481,31.01831745081556
1209,20482,68.32947089474983
1210,20201,35.73498996946421
1211,20202,23.5943395511626
1212,20203,31.83189535777151
1213,20206,20.932572049659413
1214,20207,11.797032047181814
1215,20210,29.004663257834462
1216,20211,13.385692093786
1217,20212,16.14942173811851
1218,20213,20.238110751054727
1219,20214,10.530180242899675
1220,20208,19.860629751943804
1221,20209,9.244594162887731
1222,20493,32.92382056112328
1223,20215,57.61315565457896
1224,20218,8.901784069711061
1225,20284,45.17495269971941
1226,20216,70.37524325129739
1227,20217,8.550087833630563
1228,20219,65.39444529864471
1229,20220,10.760729342051034
1230,20221,14.888723185748958
1231,20222,41.288032628524185
1232,20223,16.587118976903266
1233,20233,34.58791423457205
1234,20224,26.296220499371834
1235,20238,106.73833530949416
1236,20497,108.58782284971979
1237,20498,6.9359775942918525
1238,20225,108.04248580709711
1239,20248,174.86760042371117
1240,20226,21.33765599170076
1241,20227,601.6184894535604
1242,20228,92.12338481834232
1243,20229,61.78028941800134
1244,20230,19.44160118329685
1245,20231,30.75273265562136
1246,20232,46.4022388604865
1247,20234,118.94636527499166
1248,20235,13.01608987628558
1249,20236,28.802010302333823
1250,20237,10.971929623598436
1251,20239,25.44972676907508
1252,20249,529.0738589601402
1253,20240,36.36089209912715
1254,20241,103.46954421769793
1255,20242,51.70842809204684
1256,20243,77.60741630336297
1257,20244,62.106672874459896
1258,20260,16.117139130158645
1259,20261,43.62335283095233
1260,20262,16.761310555640915
1261,20245,30.534544982407464
1262,20246,44.067155329412834
1263,20263,27.521968737464924
1264,20247,43.62592769232635
1265,20264,36.12860830678263
1266,20250,50.278871414950316
1267,20251,18.502304956055976
1268,20265,5.990284301449297
1269,20266,16.47088733131819
1270,20267,26.006616063941557
1271,20252,39.60115461080116
1272,20253,12.05295152829442
1273,20254,15.317881570110714
1274,20255,14.849901957958432
1275,20256,9.594598938668979
1276,20276,36.89043282549573
1277,20277,13.00559842264799
1278,20257,31.306987968232733
1279,20278,54.57853397840375
1280,20279,40.50156229770631
1281,20258,11.458265557783294
1282,20259,28.868682151298923
1283,20268,95.6965830064836
1284,20281,15.847573394964947
1285,20269,42.436431580314185
1286,20270,17.823205059216654
1287,20271,45.433764695909275
1288,20272,46.70512047290194
1289,20273,22.259030485113342
1290,20274,20.332567371318937
1291,20275,40.89481789612906
1292,20280,38.7581289909477
1293,20282,3.625600115116077
1294,20283,6.50648682966898
1295,20285,36.333927221694175
1296,20502,25.659853617607297
1297,20286,58.53966334401525
1298,20287,6.836433865177364
1299,20288,15.935098264872355
1300,20503,48.895511607228144
1301,20289,40.12214265880404
1302,20290,92.01067553190548
1303,20291,23.129420732845038
1304,20292,19.58713826691221
1305,20293,432.21906472120753
1306,20294,73.20696724342062
1307,20295,225.36565485625943
1308,20299,31.2893205347638
1309,20296,6.184182826553663
1310,20297,21.043264125472774
1311,20298,46.97108808145525
1312,20304,8.143605441066907
1313,20300,57.505441685919294
1314,20311,11.06726252629169
1315,20301,179.04070633694695
1316,20323,52.21699993417378
1317,20324,110.16984945497215
1318,20302,61.74103269388288
1319,20303,404.65035307194955
1320,20305,94.42886507832908
1321,20306,50.46812113779438
1322,20331,20.18612657859751
1323,20332,11.422849126742381
1324,20307,14.693435384568215
1325,20308,122.80534468263464
1326,20309,116.12534406431205
1327,20310,402.16165426935567
1328,20312,149.25971533936982
1329,20313,11.575245408296619
1330,20314,28.50726118847776
1331,20333,6.792921457824693
1332,20334,38.67551767817536
1333,20315,227.2517556688498
1334,20316,5.981976324453288
1335,20317,15.861009529465218
1336,20318,156.4815298794194
1337,20408,20.377221077932255
1338,20319,7.1415089504523905
1339,20320,26.55427256946795
1340,20321,6.850322313655964
1341,20322,128.67863006516407
1342,20418,18.591931472943703
1343,20325,20.06850740512485
1344,20360,145.62914935365066
1345,20326,34.49338628132752
1346,20327,15.389600668966375
1347,20328,12.672594778006674
1348,20329,13.726786396562325
1349,20330,29.795135789280383
1350,20335,34.10008216550358
1351,20419,9.957868951033753
1352,20336,11.004556523381675
1353,20337,31.43264535134711
1354,20338,1383.6865153560966
1355,20339,24.024723166053203
1356,20340,9.884597419788692
1357,20341,8.017191369710247
1358,20342,450.4757716385345
1359,20343,129.0994033302238
1360,20344,13.465769917098692
1361,20346,34.03716265325036
1362,20345,42.797377241954834
1363,20356,76.9093916337706
1364,20357,4.839613419511751
1365,20347,35.44429716329613
1366,20348,36.91999346711075
1367,20349,66.65103043508486
1368,20359,19.897504798514184
1369,20367,90.90721629848127
1370,20350,2624.966947149845
1371,20351,56.199573904177434
1372,20368,55.376797492672125
1373,20352,94.85272208964639
1374,20353,41.06977106666043
1375,20354,35.47963472931228
1376,20355,17.96000228578787
1377,20358,44.01693901529405
1378,20361,18.336889150442364
1379,20362,58.762211192695375
1380,20363,12.342400152879893
1381,20364,25.451973143277105
1382,20365,11.263210701008777
1383,20366,31.2003639553713
1384,20369,96.78796345737165
1385,20373,3.2510293680062787
1386,20370,17.634742048860637
1387,20371,36.70960659737828
1388,20372,45.39905252975931
1389,20374,229.47585753841867
1390,20379,70.22073421446079
1391,20375,6007.367627947631
1392,20376,20.52188272948953
1393,20377,21.144020723997013
1394,20378,77.76501196510853
1395,20381,101.32355927070348
1396,20382,24.219607282572717
1397,20383,28.635308390502267
1398,20420,40.37627314720308
1399,20384,86.95246025441928
1400,20385,2252.4525263972646
1401,20386,39.16974656797905
1402,20387,96.6862999752668
1403,20421,32.58703896899064
1404,20388,50.53871545506009
1405,20389,390.5246715628896
1406,20422,14.465677797088933
1407,20423,6.623936861636981
1408,20424,27.172007109734515
1409,20390,5514.148553871912
1410,20391,50.440101360522085
1411,20430,10.402016164891037
1412,20392,42.62379209828926
1413,20393,340.3501969910198
1414,20394,29.36707933419233
1415,20395,22.15642092744693
1416,20396,446.5736279384468
1417,20397,123.048291209922
1418,20398,42.35103589150168
1419,20399,1186.8814520525068
1420,20400,17.710011882259487
1421,20401,60.3569998956814
1422,20402,13.516786232932414
1423,20432,72.54723196574325
1424,20403,496.8149571700824
1425,20404,12.441785290507742
1426,20435,46.097555380914386
1427,20436,29.023672136551443
1428,20437,62.838612896113496
1429,20405,12.654424880768204
1430,20406,74.36734375777553
1431,20407,2.0585967083111396
1432,20409,558.9996435717236
1433,20410,6.460724870530929
1434,20411,115.6685654989415
1435,20412,8.393932399020365
1436,20413,90.76995563385537
1437,20414,42.817771932767364
1438,20415,30.635156473782946
1439,20416,2.8688359763844544
1440,20417,29.7175617965691
1441,20425,39.51513403137389
1442,20426,37.58850061612682
1443,20427,109.62741859613442
1444,20428,12.366015191181015
1445,20429,29.084835067689323
1446,20431,4.704514323828555
1447,20433,76.971089038304
1448,20442,5.964134425508519
1449,20434,120.57035243038413
1450,20438,73.05949426586953
1451,20439,50.308043107366565
1452,20440,7.500775037360877
1453,20441,105.5389368392778
1454,20451,10.820533046488913
1455,20443,5.815318378678567
1456,20456,43.28637697192866
1457,20457,10.507626390828147
1458,20444,23.718002002736167
1459,20445,50.51347907733252
1460,20446,88.5244707914347
1461,20447,32.931108303608504
1462,20448,14.464034310105049
1463,20449,7.497309276403736
1464,20450,63.057461787441184
1465,20452,232.6612024717889
1466,20462,39.083355892253486
1467,20453,21.973731592909186
1468,20471,20.184205503013292
1469,20454,44.10999663835737
1470,20455,31.24497084548392
1471,20458,4.8522325514309745
1472,20459,14.268441223450584
1473,20460,17.151609922846422
1474,20461,14.57046263200258
1475,20463,5.408382315850172
1476,20464,8.0889938941808
1477,20465,13.691116431939916
1478,20466,29.096399470268697
1479,20467,30.783111693725726
1480,20468,23.40195642487188
1481,20469,48.18464203581687
1482,20470,11.198211236479207
1483,20472,13.349958627580829
1484,20473,11.55807348376671
1485,20474,30.662996581532862
1486,20510,38.14324966446327
1487,20511,22.82406389211182
1488,20475,55.63146793105116
1489,20478,8.9019743783371
1490,20476,8.225585002036484
1491,20477,7.236484328275749
1492,20479,10.315055672362657
1493,20483,114.5803172716484
1494,20484,23.001684840753953
1495,20485,24.592218091098577
1496,20486,18.08238002413798
1497,20487,19.373548100722626
1498,20488,9.361809989121271
1499,20514,18.797754850354927
1500,20515,56.532297321605064
1501,20516,22.9557434297707
1502,20517,51.59337339088366
1503,20489,17.408953442149315
1504,20490,194.06070410380553
1505,20491,18.0741837505018
1506,20492,12.152546194224488
1507,20494,77.59049368997354
1508,20495,22.50977684915941
1509,20496,33.977872874391345
1510,20499,33.03822956321914
1511,20500,25.890640478485246
1512,20504,16.746159675217065
1513,20501,18.872111305079986
1514,20505,41.52042680702551
1515,20506,18.236580265155332
1516,20507,24.417123817049898
1517,20512,13.179383838552608
1518,20513,27.885848225901615
1519,20518,12.009984960805195
1520,20519,100.64921008443054
1521,20520,43.535745084371044
1522,20522,21.282791011260624
1523,20523,23.237107964750564
1524,20524,8.56873127492908
1525,20525,19.482123945358854
1526,20526,80.35577318994245
1527,20535,21.461395444149087
1528,20527,32.893162948008964
1529,20528,19.30576690665287
1530,20529,22.22281434264659
1531,20536,6.2603481584418095
1532,20537,15.925821623075041
1533,20530,52.995030200587884
1534,20531,62.30045023735008
1535,20532,48.987065731487554
1536,20533,34.80709567724386
1537,20534,38.151929145449316
1538,20541,75.70995608980732
1539,20538,39.06895106966375
1540,20544,7.36611076905004
1541,20539,474.9533293630694
1542,20540,55.79012769942082
1543,20542,77.14716723263824
1544,20543,27.100557886561077
1545,20545,71.9656494928967
1546,20546,56.290754323898454
1547,20547,21.542648266007742
1548,20548,2.96597435368803
1549,20549,23.430984946093204
1550,20550,156.4157755051077
1551,20569,19.94353307088383
1552,20570,58.899800591618444
1553,20551,176.6321330775049
1554,20552,8.35175002089368
1555,20553,133.64684005017327
1556,20554,20.89020948005487
1557,20555,144.84351074969132
1558,20556,23.975127373232425
1559,20558,26.785940709154513
1560,20559,34.181093589135166
1561,20560,24.596191664261045
1562,20557,141.83462241807018
1563,20563,19.5574801181517
1564,20564,18.696159514892244
1565,20565,574.1509665081568
1566,20566,15.928991056474624
1567,20567,10.710040075593536
1568,21001,392.4838794441691
1569,21002,54.04052979460119
1570,21003,62.11898671614815
1571,21004,446.57687357566385
1572,21005,41.85815418958748
1573,21006,184.74151406311864
1574,21007,18.59187670377215
1575,21008,200.3795120768653
1576,21009,26.26509303735
1577,21010,178.4940128073981
1578,21011,24.06716799815522
1579,21012,132.98888868381061
1580,21013,480.2311655416225
1581,21014,118.68066385270681
1582,21015,887.7586512954845
1583,21016,55.497409594131184
1584,21017,629.093015740965
1585,21018,12.11239951186289
1586,21019,492.9757225033228
1587,21020,276.5356426031455
1588,21021,122.9680089254247
1589,21022,100.19107186369216
1590,21023,73.39136756632747
1591,21024,5.225543223194571
1592,21025,85.93589374943889
1593,21026,230.50785120138738
1594,21027,10.583371411145096
1595,21053,87.91555759796302
1596,21028,173.73309989145952
1597,21029,283.11033985676295
1598,21054,245.96106162362082
1599,21055,37.81209758841868
1600,21056,10.637538273013492
1601,21057,132.20311151795033
1602,21058,144.59868761905977
1603,21059,27.277646307638427
1604,21030,65.32819693229125
1605,21031,27.186399596655807
1606,21032,5.893599827722431
1607,21033,109.45941844236621
1608,21060,495.20178118744815
1609,21061,135.7376550231596
1610,21034,1180.501230366015
1611,21035,87.77783122550245
1612,21036,65.05839790805237
1613,21037,18.366349671651257
1614,21062,98.15464611107386
1615,21063,200.11062496938072
1616,21038,460.688925135815
1617,21039,162.289562274218
1618,21040,68.4348221500875
1619,21041,3340.396389410253
1620,21042,16.627262542586497
1621,21043,284.04519928433723
1622,21044,55.72889231648697
1623,21045,129.34861432173122
1624,21046,95.06319194928506
1625,21047,26.34026565199609
1626,21048,266.47998289241457
1627,21049,198.14386720810506
1628,21050,251.9819011321394
1629,21051,112.54876068113147
1630,21052,48.711148078998754
1631,21064,42.31264174834106
1632,21065,240.36022213912034
1633,21066,39.56346272612859
1634,21067,79.58681803871863
1635,21068,162.7166378743583
1636,21069,114.18434240750946
1637,21070,40.81913378230835
1638,21071,447.2045971976201
1639,21072,416.0765180571351
1640,21073,65.28514573472049
1641,21074,455.6796732483558
1642,21075,182.52667761662525
1643,21076,87.72764502466265
1644,21077,138.3103261814416
1645,21078,230.51445973103338
1646,21079,115.30236870823649
1647,21097,264.2694212072323
1648,21098,42.12448312822085
1649,21099,83.90331773006488
1650,21100,173.08526108510333
1651,21101,132.8668589370056
1652,21102,702.0809040307324
1653,21103,61.774785460542134
1654,21104,198.21160791702866
1655,21105,75.88247120892348
1656,21106,251.3862089538994
1657,21107,197.70055765906218
1658,21108,81.22594372807136
1659,21109,238.51468395274375
1660,21110,135.6621978199891
1661,21111,89.31072250761655
1662,21112,44.056787891025635
1663,21113,20.98114257757092
1664,21114,3188.1139530003657
1665,21115,290.42184937288164
1666,21116,140.34394839546843
1667,21080,228.18740033091927
1668,21081,12.341773284793373
1669,21082,88.44745610612331
1670,21083,46.17091921241031
1671,21084,384.5275351102975
1672,21085,154.03902147828467
1673,21086,62.810541442162055
1674,21087,23.03176417638997
1675,21088,162.33021683749843
1676,21089,81.55813496731543
1677,21140,1824.6148130590877
1678,21141,20.14339378876036
1679,21090,1016.7412705394921
1680,21142,147.0599434187373
1681,21143,303.1070934436537
1682,21091,500.8339324301344
1683,21092,24.865851164048063
1684,21093,45.95830616528303
1685,21094,132.13802792259514
1686,21198,6.247677412676658
1687,21199,294.3926825517539
1688,21095,53.032649146894386
1689,21096,54.47224421798923
1690,21200,60.6103006700891
1691,21201,75.28507119721495
1692,21202,172.1537253346543
1693,21203,41.83577784118532
1694,21204,288.51390523696654
1695,21205,207.8619316568961
1696,21206,18.899691814724747
1697,21207,335.3656519305304
1698,21208,180.52647640376182
1699,21209,20.969242148593786
1700,21117,3606.6398384553054
1701,21210,293.8480964703082
1702,21211,565.4546759478811
1703,21212,76.32961640594556
1704,21213,80.49186645930757
1705,21118,952.3393079108498
1706,21119,2450.775165887656
1707,21120,73.59125375386436
1708,21121,9.563878978262203
1709,21122,281.40809154855145
1710,21123,92.43896787206711
1711,21124,153.25347718004136
1712,21125,818.8816998206255
1713,21126,167.4834469846619
1714,21127,25.76142218955956
1715,21128,52.873388521443104
1716,21129,42.296114539932056
1717,21130,37.00922509441779
1718,21131,38.10125203717331
1719,21132,1823.480515372569
1720,21133,93.85721073992288
1721,21134,429.0874991419392
1722,21135,7.391169081984169
1723,21136,1608.19300536353
1724,21137,50.1217454842533
1725,21138,77.0363133259707
1726,21139,39.08027683091859
1727,21144,668.6335183452877
1728,21145,62.416535574569195
1729,21146,18.00443884775659
1730,21147,23.515129007320198
1731,21148,288.8314530542644
1732,21149,290.1219047889196
1733,21150,42.577416885839426
1734,21151,470.9586227201051
1735,21152,114.88059110135772
1736,21153,134.47625549984522
1737,21154,456.113346586747
1738,21155,41.74520733739841
1739,21156,615.1199830329264
1740,21157,24.199463734590296
1741,21158,54.06167841330309
1742,21159,15.8988802034445
1743,21160,24.472446868925957
1744,21161,97.41508433755608
1745,21162,152.4562635317665
1746,21163,302.7728093679156
1747,21164,395.4663106529875
1748,21165,39.325490585657676
1749,21166,68.3382713296183
1750,21167,171.21445812247308
1751,21168,62.15568959476375
1752,21169,57.34398698868555
1753,21170,40.199515485776516
1754,21171,243.55841348608345
1755,21172,91.20594949701669
1756,21173,647.0733758653246
1757,21174,1141.619127341111
1758,21175,101.00887092638534
1759,21176,109.13678153692368
1760,21177,139.79643594637815
1761,21178,102.86024925733534
1762,21179,73.84773686165181
1763,21180,135.98151554174862
1764,21181,350.1912994940038
1765,21182,356.6049084563202
1766,21183,150.35826975963894
1767,21184,109.12878238374465
1768,21185,107.35868722454208
1769,21186,195.81479148528584
1770,21187,104.22702047183917
1771,21188,87.12180968588537
1772,21189,221.34473962464583
1773,21190,8.277366275696156
1774,21191,36.03440727626911
1775,21192,162.6071998958858
1776,21193,26.74997877154056
1777,21194,99.31799626587615
1778,21195,99.503156145329
1779,21196,27.67937643701409
1780,21197,277.55742099891614
1781,21214,288.6190072117286
1782,21215,144.5720916681966
1783,21216,135.84733643291014
1784,21217,73.37370333123495
1785,22001,96.66842855391222
1786,22002,39.953615411542685
1787,22003,20.39402358754697
1788,22004,57.51557964693361
1789,22005,86.03120051641756
1790,22006,893.0670267005146
1791,22007,154.09339221188662
1792,22008,109.86788045674322
1793,22009,25.212761806361875
1794,22010,28.500241214466232
1795,22011,241.02753420150273
1796,22012,238.33081939016978
1797,22013,31.929449582396263
1798,22014,1443.1555751176834
1799,22015,37.62656420000933
1800,22016,394.2595554960706
1801,22017,214.79652193833263
1802,22018,46.637432784156324
1803,23001,208.82073629958407
1804,23002,7.236786327659429
1805,23003,26.61899848836328
1806,23004,26.729899245483686
1807,23005,915.9464360658535
1808,23006,8.880679805604657
1809,23007,8.693183924399237
1810,23008,120.01949609199136
1811,23009,18.4066294086388
1812,23010,7.475656205883026
1813,24001,24.7886295086649
1814,24002,14.963000065788385
1815,24003,64.70909254812905
1816,24004,6.991437508355668
1817,24005,51.014487538201344
1818,24024,32.634619936322856
1819,24025,19.412740956347008
1820,24026,104.14149881465012
1821,24027,17.051937302897944
1822,24006,5.306619373770065
1823,24028,593.5938743016658
1824,24029,53.9797604494455
1825,24030,7.8746128637962745
1826,24031,19.367404821528112
1827,24032,24.812867280730213
1828,24033,2.9449944262147256
1829,24034,30.188194204260636
1830,24035,1087.2497868147902
1831,24036,24.12251910398952
1832,24037,285.9033045673578
1833,24038,87.16488046331774
1834,24039,61.77696299659276
1835,24040,22.326259447023165
1836,24041,55.50156747820404
1837,24042,111.72517836011595
1838,24043,20.246711782049235
1839,24007,17.37528738140269
1840,24008,23.859391349459518
1841,24009,39.24111761403721
1842,24010,11.460168756710631
1843,24011,92.61535351371016
1844,24012,159.34124546755874
1845,24013,78.27907295033337
1846,24014,180.14456711323064
1847,24015,10.274022360755527
1848,24016,66.13481637637922
1849,24017,7.476281905338641
1850,24018,236.27157254571063
1851,24019,10.890618304581105
1852,24020,80.94332369513774
1853,24021,68.41099468808726
1854,24022,15.91707878652811
1855,24023,20.929644436815966
1856,24044,2.90032318447898
1857,24045,11.830545589874546
1858,24046,21.400102709578654
1859,24047,5.390806807811739
1860,24048,39.35713374194006
1861,24056,27.658537329622327
1862,24057,277.0576525987062
1863,24049,15.833834201471328
1864,24050,51.03726386201793
1865,24051,10.503716962910655
1866,24052,16.741606126810474
1867,24053,205.26651120088806
1868,24054,137.40309424000233
1869,24055,44.680630851644025
1870,24058,28.43641218477788
1871,25001,121.41890118626216
1872,25002,26.812069801523457
1873,25003,6.685223367231149
1874,25004,13.704520440685075
1875,25005,8.008689058385343
1876,25006,154.3313812403608
1877,25007,10.832145522291926
1878,25008,36.328792757796634
1879,25009,40.76374093297511
1880,25010,26.18680930553287
1881,25011,108.67470917517436
1882,25012,213.05677709545094
1883,25013,17.422958768538443
1884,25014,21.867375347848814
1885,25015,113.49358368693176
1886,25016,4.440995686882882
1887,25017,15.139899754566503
1888,25018,69.39417851260666
1889,26001,8.207090046312116
1890,26002,22.280522085221698
1891,26003,4.378479352658223
1892,26004,2.2961642615444426
1893,26005,1.7717281297664995
1894,26006,0.9593895900731347
1895,26007,2.1120959280563993
1896,26008,1.1429563895895476
1897,26009,0.7651762959923107
1898,26010,1.1394155903126102
1899,26011,1.4035600483217052
1900,26012,15.813650152444563
1901,26013,2.2189791461830697
1902,26014,4.361022441755984
1903,26015,0.9418778197990434
1904,26016,3.9408994907421833
1905,26017,8.589974633585557
1906,26018,96.69533933772534
1907,26019,16.348392456209456
1908,26023,3.353190008795829
1909,26024,2.1173112912200183
1910,26025,102.70908253286895
1911,26026,70.75109583361515
1912,26020,2.0530465652993426
1913,26048,11.566749292958283
1914,26049,0.8301919490935908
1915,26021,0.5161675903814709
1916,26022,0.6731265815721795
1917,26027,3.55603045145878
1918,26028,3.2120750050310054
1919,26029,21.607145008028247
1920,26030,55.89033292428826
1921,26031,1.1753612049683488
1922,26032,1.2025495593040838
1923,26033,45.97926168765841
1924,26034,2.588296638092509
1925,26035,6.343685644169723
1926,26036,27.210125919740488
1927,26037,1.942180804938084
1928,26038,2.8736409030401937
1929,26039,5.415130356506156
1930,26040,0.7663733856281865
1931,26041,8.166172783525095
1932,26042,63.49563180727737
1933,26043,143.26656469694052
1934,26044,0.9261988822978917
1935,26045,1.3231022193480355
1936,26046,0.46897489188862973
1937,26047,1.0326930833713481
1938,26050,1.8786265562801314
1939,26051,1.5666074479946588
1940,26052,1.225585391158693
1941,26053,2.9624671543724905
1942,26054,1.27081172268468
1943,26055,23.05268083533646
1944,26061,0.8607138893443118
1945,26062,1.3408090415397758
1946,26056,9.027297750789177
1947,26063,1.9458001855426015
1948,26064,0.5837379928330634
1949,26057,0.7397938483636579
1950,26058,12.01759694770029
1951,26059,2.0140220758989478
1952,26060,1.2727541235109474
1953,26065,0.7656877073793888
1954,26066,3.1030669055337667
1955,26067,1.1471987003829616
1956,26068,1.1260848413534728
1957,26069,2.402934028819469
1958,26070,5.004533030280309
1959,26071,64.99116808976062
1960,26072,11.404374520713255
1961,27001,18.00607832640597
1962,27002,135.04759082847718
1963,27003,43.90125707360077
1964,27004,431.3184774783869
1965,27005,283.9589213841403
1966,27006,247.96411686919512
1967,27007,55.74029137325502
1968,27008,54.035269240589635
1969,27009,69.73151499671408
1970,27010,255.6111411924782
1971,27011,19.99911420639972
1972,27012,72.97426050913074
1973,27013,279.4663294736668
1974,27014,250.75915390558723
1975,27015,70.93694915973362
1976,27016,148.46487104497734
1977,27017,33.911761639672285
1978,28001,6.94336825704426
1979,28002,8.174734069707858
1980,28003,155.441094317253
1981,28004,18.02513394063485
1982,28005,2.5113634417750554
1983,28006,5.88815810431182
1984,28007,17.7083498795718
1985,28008,1.4792321606223142
1986,28009,4661.167288270105
1987,28010,1.0686872567993555
1988,28011,13.411572132893777
1989,28012,14.456127421128715
1990,28013,13.813168800041812
1991,28014,1.974915871339852
1992,28015,38.81844916482124
1993,28016,11.595948366837002
1994,28017,6.206309001596338
1995,28026,4.358507945727209
1996,28027,346.32567772217936
1997,28028,12.46713386899761
1998,28018,5.169110915906251
1999,28036,2.0410734032133133
2000,28037,3.9842865888680046
2001,28038,2952.060257184117
2002,28039,10.149828924021577
2003,28019,7.042048980068229
2004,28020,7.447542084235992
2005,28021,77.55992681309871
2006,28022,119.00694177258165
2007,28023,1.6508926973046472
2008,28024,4.84497084539383
2009,28025,45.8418485533255
2010,28029,9.938933505061993
2011,28030,11.015702943008323
2012,28031,3.8753841820925774
2013,28032,220.25372958335794
2014,28033,84.90858082512266
2015,28034,3.2705881521132674
2016,28035,8.647739091463242
2017,28040,76.2591576593103
2018,28041,253.544766237785
2019,28042,5.148864024038755
2020,28043,29.226324346979254
2021,29001,1082.1953364189899
2022,29002,1408.1571190190914
2023,29003,65.39608661617713
2024,29004,98.44020661296707
2025,29005,1962.8412182804445
2026,29006,205.89638124260915
2027,29007,314.61219446213084
2028,29008,199.1505977702015
2029,29009,345.0195077168552
2030,29010,1008.2772596047737
2031,29011,135.6481522901802
2032,29012,67.75124557213233
2033,29013,289.0196155153283
2034,29014,89.04878245753233
2035,29015,260.49919792487634
2036,29016,175.6980629585611
2037,29017,796.4702169510731
2038,29018,1586.9432679806725
2039,29042,2028.293988210841
2040,29043,1123.5481628391929
2041,29044,1606.7774909238117
2042,29019,989.1608008889295
2043,29020,107.34755484782474
2044,29021,180.34791358261808
2045,29022,465.02419760186217
2046,29023,522.6946011220274
2047,29024,478.73666830143947
2048,29025,1390.8740079197094
2049,29026,857.0052362013963
2050,29027,1118.5760180628256
2051,29028,341.92259303883014
2052,29029,883.401322851582
2053,29030,106.21420408835564
2054,29031,206.5485527405621
2055,29032,586.0404118224009
2056,29033,2001.031061030082
2057,29034,80.06832886150684
2058,29035,445.00652267041613
2059,29036,1759.245944870837
2060,29037,123.70166270679445
2061,29038,486.15210900563994
2062,29039,624.7443508286335
2063,29040,113.75125674757314
2064,29041,1409.2631625187894
2065,29045,253.27433426780271
2066,29046,97.14350388092298
2067,29047,129.7843240598162
2068,29048,1699.1645109260544
2069,29054,1348.4542170047125
2070,29055,116.24131235484909
2071,29049,593.197812607652
2072,29050,292.7182991182159
2073,29051,530.3299608098805
2074,29052,179.4313470364277
2075,29053,1775.998877582998
2076,29056,911.2968730254823
2077,29057,623.9660299417283
2078,29058,946.5284694195018
2079,29059,1417.1321559149358
2080,29060,892.6994026196305
2081,30001,94.23551385943072
2082,30002,184.22846185462456
2083,30003,139.3422088569716
2084,30004,53.63776157751748
2085,30005,29.277379336121825
2086,30006,142.18704300094478
2087,30007,55.23215102246491
2088,30008,149.77293852614156
2089,30009,47.72982028779697
2090,30010,209.43928467767117
2091,30011,68.774334412502
2092,30012,62.897378485693245
2093,30013,223.51901880260755
2094,30014,318.38387507578545
2095,30015,83.70400375953673
2096,30016,218.19915852948498
2097,30017,63.70687758023521
2098,30018,95.57124149245439
2099,30019,224.83365217937444
2100,30020,182.69744889847988
2101,30021,204.7640635868174
2102,30022,344.463616176323
2103,30023,101.93012505220115
2104,30024,59.515166884816246
2105,30025,162.79653735199125
2106,30026,1254.988531919035
2107,30027,79.89033887704639
2108,30028,4033.3539313667648
2109,30029,101.19680141307839
2110,30030,2155.9960524378384
2111,30031,71.61058622749384
2112,30032,79.34238835500317
2113,30033,92.42408975728937
2114,30034,316.50338531623555
2115,30035,154.98330823899602
2116,30036,251.13399382659233
2117,30037,213.5968773710208
2118,30038,486.99269369591786
2119,30039,1089.4663115325427
2120,30040,217.3266096622065
2121,30041,252.3986386268646
2122,30042,45.57455492332789
2123,30043,68.4020931829722
2124,30044,1437.220934337968
2125,30045,115.63805105394364
2126,30046,224.59377394219086
2127,30047,386.8905815067643
2128,30048,527.7924124933544
2129,30049,41.06975267764996
2130,30050,219.76732653564648
2131,30051,101.20846169842206
2132,30052,371.25979380762436
2133,30053,197.42210830144452
2134,30054,45.243894945879354
2135,30055,93.87355202270824
2136,30056,76.60948430668407
2137,30057,111.33807445906473
2138,30058,63.15234149683962
2139,30059,88.97420516971603
2140,30060,125.94796744578828
2141,30061,24.268137788789947
2142,30062,499.97268038404627
2143,30063,39.385903022966914
2144,30077,49.12283356806943
2145,30078,80.7481650295032
2146,30079,80.53470367933912
2147,30080,186.22835187509784
2148,30081,524.5221233626894
2149,30082,105.61808107667731
2150,30083,85.16212054147535
2151,30084,17.5277099839237
2152,30085,530.4838371991991
2153,30086,224.72072292419375
2154,30087,4144.863867976747
2155,30088,74.37289110856355
2156,30064,179.4651786145402
2157,30065,203.6921187565965
2158,30066,119.37674879220104
2159,30067,452.52045101082325
2160,30068,1156.1956119709807
2161,30069,145.33743732722093
2162,30070,19.528876147850475
2163,30071,315.28492143381504
2164,30072,43.60249506488942
2165,30073,64.00369113950713
2166,30089,138.51096070321537
2167,30090,91.0315619232442
2168,30091,21.49984538824804
2169,30092,227.02097226564936
2170,30093,314.18602820086414
2171,30094,41.50356396092229
2172,30095,89.3163778123183
2173,30096,95.52322099493321
2174,30097,250.83702413291647
2175,30117,118.13466046891129
2176,30118,4876.508591113001
2177,30074,409.59893230578626
2178,30075,46.19677072581934
2179,30076,92.46756773339706
2180,30098,236.31844952808217
2181,30099,171.1351305279188
2182,30100,101.04880456449737
2183,30101,556.3519301775557
2184,30102,280.92559190797067
2185,30103,299.1225873357718
2186,30104,59.2745788742607
2187,30105,210.58011658159626
2188,30106,168.30302324997095
2189,30109,130.36470287958332
2190,30110,184.16686735514654
2191,30111,72.70763135782343
2192,30112,213.09763653074663
2193,30113,260.2023788105164
2194,30114,32.63525066479304
2195,30115,619.6715533404952
2196,30119,120.08388781360438
2197,30120,3743.4538087722703
2198,30121,10.333779538259474
2199,30122,58.44759049594307
2200,30123,33.78066576495612
2201,30124,115.23012780077593
2202,30125,83.6111432535242
2203,30126,91.83162226105789
2204,30127,211.02626497903307
2205,30128,127.15538521601827
2206,30129,78.89371163256985
2207,30130,33.32592057685493
2208,30131,3424.680860950623
2209,30107,62.05417404405671
2210,30108,77.65571849667852
2211,30116,221.94480670192928
2212,30132,208.48538605986212
2213,30133,213.44856425113073
2214,30134,62.54307837030647
2215,30135,928.0925148485043
2216,30136,743.1073922666866
2217,30137,181.95622001642568
2218,30161,32.78081947104006
2219,30162,109.18359976669605
2220,30163,62.91963075855366
2221,30164,290.29890396108806
2222,30165,148.37653377425596
2223,30166,106.90945596865372
2224,30167,68.43682870254644
2225,30168,160.3180680563856
2226,30138,2936.7500843393586
2227,30139,60.36492071279694
2228,30169,45.092637911720885
2229,30170,59.53283840181486
2230,30171,132.416008174018
2231,30172,48.5934360403308
2232,30173,114.06196439131708
2233,30174,73.2566540164017
2234,30175,141.73320628204735
2235,30176,50.566107652106886
2236,30140,141.9650058322913
2237,30141,181.52082414149677
2238,30142,28.248458011603372
2239,30143,98.28566606711878
2240,30144,51.863804343770056
2241,30145,177.75233223712786
2242,30146,236.22610361361615
2243,30147,212.36225861998204
2244,30148,70.40077431642858
2245,30149,75.31181044935119
2246,30150,30.882162178862394
2247,30151,24.25127977729561
2248,30152,15.126415980786048
2249,30153,39.24650918600636
2250,30154,41.34983353820603
2251,30155,84.51147867422321
2252,30156,67.68244597614559
2253,30157,76.76727780480863
2254,30158,48.118402260581185
2255,30159,311.16514600534566
2256,30160,87.1941382303816
2257,30177,89.18158845630894
2258,30178,24.491270702814553
2259,30179,63.9664609753453
2260,30180,54.30782663492064
2261,30181,43.84530031882981
2262,30182,541.8617925758001
2263,30183,390.28872171611374
2264,30184,142.98048175198153
2265,30196,216.87953214332236
2266,30197,112.34150784116704
2267,30198,28.78283409492949
2268,30199,548.5748840612115
2269,30200,79.33097991525976
2270,30201,162.7586697228743
2271,30202,63.55809143525888
2272,30203,229.54158776305394
2273,30204,136.37362159652014
2274,30205,53.19220053974205
2275,30185,500.0877015970839
2276,30186,392.0289589701983
2277,30187,120.2333012617361
2278,30188,187.9476932879791
2279,30189,177.61557765376523
2280,30190,42.11694568516961
2281,30191,263.0769773553712
2282,30192,63.40808671453913
2283,30193,2549.6815805533997
2284,30194,242.65827524656842
2285,30195,152.7635311942243
2286,30206,1105.9287993413454
2287,30207,89.18647599891908
2288,30208,106.74792063128574
2289,30209,55.233808393796096
2290,30210,15.518230208495316
2291,30211,108.6281093929419
2292,30212,37.69242941234253
2293,31001,24.23874241309574
2294,31002,127.80814832775167
2295,31003,156.54080341271148
2296,31004,59.60262115189117
2297,31005,33.05425366063606
2298,31006,14.74656808839575
2299,31016,28.09514795725295
2300,31017,11.129837348825635
2301,31018,20.162531504792465
2302,31019,28.130134230406092
2303,31007,77.2393455271521
2304,31008,15.020184249646027
2305,31009,39.12978401047951
2306,31010,7.5943197007270395
2307,31011,13.8222553169603
2308,31012,7.800355941227541
2309,31013,189.44918175163818
2310,31014,12.79243203379248
2311,31015,59.93046233640371
2312,31020,109.53215685108842
2313,31021,19.218954619714694
2314,31022,9.460575503154093
2315,31023,17.460637930082985
2316,31024,42.086156461417865
2317,31049,42.00935607539865
2318,31050,1112.1989522257281
2319,31025,71.77099634762713
2320,31026,23.08002985426942
2321,31027,43.163090970900136
2322,31028,6.754958404150246
2323,31029,13.041401065600216
2324,31030,13.145657530266707
2325,31031,21.482538118131608
2326,31032,23.741313797636813
2327,31033,37.18040651922215
2328,31034,70.2192539581021
2329,31035,53.160515057802506
2330,31036,41.603619497265086
2331,31037,28.473299901786064
2332,31038,41.89134105419219
2333,31039,32.40052509628836
2334,31040,63.49561066101128
2335,31041,1033.6005151669658
2336,31042,29.36237614079641
2337,31055,28.177523760015948
2338,31056,38.750954135820436
2339,31057,12.525047201886002
2340,31058,25.67789661439172
2341,31043,24.278158598059402
2342,31059,95.89553948785851
2343,31044,21.706807194766647
2344,31045,17.427363181424408
2345,31046,33.84709479500696
2346,31047,47.71110438824492
2347,31048,26.93678755419923
2348,31051,75.08441510032982
2349,31052,122.93301001106767
2350,31053,34.43074770400476
2351,31054,43.29989434525853
2352,31060,10.023629007153644
2353,31061,11.400042216713063
2354,31062,26.15627278562732
2355,31064,70.50884098093557
2356,31065,4.627087175413598
2357,31063,34.789097288042406
2358,31066,8.39025890202537
2359,31067,58.671433255412836
2360,31100,30.572656411776077
2361,31101,165.6523840768768
2362,31102,80.62241566748084
2363,31103,33.894590404950826
2364,31104,11.15536542587988
2365,31068,25.387780388715694
2366,31069,17.51886390564014
2367,31070,13.811654133257894
2368,31071,8.308815661669666
2369,31072,22.53565827108625
2370,31073,22.43577623602823
2371,31074,39.1968655256719
2372,31075,31.551392147245565
2373,31076,51.56071098467076
2374,31077,14.381156685377832
2375,31078,51.20286173389966
2376,31079,16.52940083307528
2377,31080,39.37671203691368
2378,31081,12.708665689544693
2379,31082,70.55987616987008
2380,31083,29.615319666663805
2381,31084,23.158786228562942
2382,31085,23.69208104668388
2383,31086,22.020376364658713
2384,31087,16.230604688358703
2385,31088,27.09930434051951
2386,31089,127.3816296820992
2387,31090,59.03875125735583
2388,31091,27.374892272135135
2389,31092,15.276737156226249
2390,31093,113.27578393228629
2391,31094,22.76211366939802
2392,31095,84.28222289895088
2393,31096,21.498571010717033
2394,31097,9.157531176797319
2395,31098,20.63296581652969
2396,31099,23.476016285204267
2397,31105,68.8403127818375
2398,31106,18.58393110720939
2399,32001,21.86611451751391
2400,32002,25.415551326208707
2401,32003,9.413465919851447
2402,32004,13.225615341062761
2403,32005,123.61210846222932
2404,32006,19.59578346984527
2405,32007,5.8234206331266645
2406,32008,41.21802962666547
2407,32009,13.289027027585623
2408,32010,48.20551203203176
2409,32011,9.932109668712597
2410,32012,10.88353003154078
2411,32015,3.8286575622424657
2412,32016,55.527195227767784
2413,32017,246.9185657596544
2414,32018,11.565199981155198
2415,32019,35.76214811308968
2416,32020,41.28279202449527
2417,32021,3.8535467372826204
2418,32022,36.925307074071775
2419,32023,39.82750199126206
2420,32024,133.083504803687
2421,32025,79.69013152044211
2422,32026,1.5402582783569942
2423,32027,1.671277536641524
2424,32028,5.404468958697555
2425,32029,22.71370211746575
2426,32030,15.870230295900829
2427,32031,6.132751799998463
2428,32032,73.30514108132475
2429,32033,7.878233801026423
2430,32034,33.765710761843735
2431,32035,43.63194734609006
2432,32036,71.00733396673311
2433,32037,27.838122536343793
2434,32038,24.514018065122293
2435,32039,37.117150482442206
2436,32040,16.635379614162762
2437,32057,92.86005015428829
2438,32013,33.848970074422745
2439,32014,4.764394520981465
2440,32041,4.095671747525853
2441,32042,18.17972041656609
2442,32043,7.236245082976193
2443,32044,40.32004223692912
2444,32045,17.027655350783384
2445,32046,10.437684160960501
2446,32047,7.684367189121607
2447,32048,38.063931511403354
2448,32049,6.1607143045523
2449,32050,66.58065323087455
2450,32051,5.623583634424424
2451,32052,59.62501569672672
2452,32053,32.62940905673004
2453,32054,54.32307034871598
2454,32055,14.747932937498827
2455,32056,356.05659129539333
2456,32058,10.356711712197185
